period,duoarea,area-name,product,product-name,process,process-name,series,series-description,value,units
2024-12,RGC,NA,EPG0,Natural Gas,PS0,Spot Price,RNGWHHD,Henry Hub Natural Gas Spot Price (Dollars per Million Btu),3.01,$/MMBTU
2024-11,RGC,NA,EPG0,Natural Gas,PS0,Spot Price,RNGWHHD,Henry Hub Natural Gas Spot Price (Dollars per Million Btu),2.12,$/MMBTU
2024-10,RGC,NA,EPG0,Natural Gas,PS0,Spot Price,RNGWHHD,Henry Hub Natural Gas Spot Price (Dollars per Million Btu),2.2,$/MMBTU
2024-09,RGC,NA,EPG0,Natural Gas,PS0,Spot Price,RNGWHHD,Henry Hub Natural Gas Spot Price (Dollars per Million Btu),2.28,$/MMBTU
2024-08,RGC,NA,EPG0,Natural Gas,PS0,Spot Price,RNGWHHD,Henry Hub Natural Gas Spot Price (Dollars per Million Btu),1.99,$/MMBTU
2024-07,RGC,NA,EPG0,Natural Gas,PS0,Spot Price,RNGWHHD,Henry Hub Natural Gas Spot Price (Dollars per Million Btu),2.07,$/MMBTU
2024-06,RGC,NA,EPG0,Natural Gas,PS0,Spot Price,RNGWHHD,Henry Hub Natural Gas Spot Price (Dollars per Million Btu),2.54,$/MMBTU
2024-05,RGC,NA,EPG0,Natural Gas,PS0,Spot Price,RNGWHHD,Henry Hub Natural Gas Spot Price (Dollars per Million Btu),2.12,$/MMBTU
2024-04,RGC,NA,EPG0,Natural Gas,PS0,Spot Price,RNGWHHD,Henry Hub Natural Gas Spot Price (Dollars per Million Btu),1.6,$/MMBTU
2024-03,RGC,NA,EPG0,Natural Gas,PS0,Spot Price,RNGWHHD,Henry Hub Natural Gas Spot Price (Dollars per Million Btu),1.49,$/MMBTU
2024-02,RGC,NA,EPG0,Natural Gas,PS0,Spot Price,RNGWHHD,Henry Hub Natural Gas Spot Price (Dollars per Million Btu),1.72,$/MMBTU
2024-01,RGC,NA,EPG0,Natural Gas,PS0,Spot Price,RNGWHHD,Henry Hub Natural Gas Spot Price (Dollars per Million Btu),3.18,$/MMBTU
2023-12,RGC,NA,EPG0,Natural Gas,PS0,Spot Price,RNGWHHD,Henry Hub Natural Gas Spot Price (Dollars per Million Btu),2.52,$/MMBTU
2023-11,RGC,NA,EPG0,Natural Gas,PS0,Spot Price,RNGWHHD,Henry Hub Natural Gas Spot Price (Dollars per Million Btu),2.71,$/MMBTU
2023-10,RGC,NA,EPG0,Natural Gas,PS0,Spot Price,RNGWHHD,Henry Hub Natural Gas Spot Price (Dollars per Million Btu),2.98,$/MMBTU
2023-09,RGC,NA,EPG0,Natural Gas,PS0,Spot Price,RNGWHHD,Henry Hub Natural Gas Spot Price (Dollars per Million Btu),2.64,$/MMBTU
2023-08,RGC,NA,EPG0,Natural Gas,PS0,Spot Price,RNGWHHD,Henry Hub Natural Gas Spot Price (Dollars per Million Btu),2.58,$/MMBTU
2023-07,RGC,NA,EPG0,Natural Gas,PS0,Spot Price,RNGWHHD,Henry Hub Natural Gas Spot Price (Dollars per Million Btu),2.55,$/MMBTU
2023-06,RGC,NA,EPG0,Natural Gas,PS0,Spot Price,RNGWHHD,Henry Hub Natural Gas Spot Price (Dollars per Million Btu),2.18,$/MMBTU
2023-05,RGC,NA,EPG0,Natural Gas,PS0,Spot Price,RNGWHHD,Henry Hub Natural Gas Spot Price (Dollars per Million Btu),2.15,$/MMBTU
2023-04,RGC,NA,EPG0,Natural Gas,PS0,Spot Price,RNGWHHD,Henry Hub Natural Gas Spot Price (Dollars per Million Btu),2.16,$/MMBTU
2023-03,RGC,NA,EPG0,Natural Gas,PS0,Spot Price,RNGWHHD,Henry Hub Natural Gas Spot Price (Dollars per Million Btu),2.31,$/MMBTU
2023-02,RGC,NA,EPG0,Natural Gas,PS0,Spot Price,RNGWHHD,Henry Hub Natural Gas Spot Price (Dollars per Million Btu),2.38,$/MMBTU
2023-01,RGC,NA,EPG0,Natural Gas,PS0,Spot Price,RNGWHHD,Henry Hub Natural Gas Spot Price (Dollars per Million Btu),3.27,$/MMBTU
2022-12,RGC,NA,EPG0,Natural Gas,PS0,Spot Price,RNGWHHD,Henry Hub Natural Gas Spot Price (Dollars per Million Btu),5.53,$/MMBTU
2022-11,RGC,NA,EPG0,Natural Gas,PS0,Spot Price,RNGWHHD,Henry Hub Natural Gas Spot Price (Dollars per Million Btu),5.45,$/MMBTU
2022-10,RGC,NA,EPG0,Natural Gas,PS0,Spot Price,RNGWHHD,Henry Hub Natural Gas Spot Price (Dollars per Million Btu),5.66,$/MMBTU
2022-09,RGC,NA,EPG0,Natural Gas,PS0,Spot Price,RNGWHHD,Henry Hub Natural Gas Spot Price (Dollars per Million Btu),7.88,$/MMBTU
2022-08,RGC,NA,EPG0,Natural Gas,PS0,Spot Price,RNGWHHD,Henry Hub Natural Gas Spot Price (Dollars per Million Btu),8.81,$/MMBTU
2022-07,RGC,NA,EPG0,Natural Gas,PS0,Spot Price,RNGWHHD,Henry Hub Natural Gas Spot Price (Dollars per Million Btu),7.28,$/MMBTU
2022-06,RGC,NA,EPG0,Natural Gas,PS0,Spot Price,RNGWHHD,Henry Hub Natural Gas Spot Price (Dollars per Million Btu),7.7,$/MMBTU
2022-05,RGC,NA,EPG0,Natural Gas,PS0,Spot Price,RNGWHHD,Henry Hub Natural Gas Spot Price (Dollars per Million Btu),8.14,$/MMBTU
2022-04,RGC,NA,EPG0,Natural Gas,PS0,Spot Price,RNGWHHD,Henry Hub Natural Gas Spot Price (Dollars per Million Btu),6.6,$/MMBTU
2022-03,RGC,NA,EPG0,Natural Gas,PS0,Spot Price,RNGWHHD,Henry Hub Natural Gas Spot Price (Dollars per Million Btu),4.9,$/MMBTU
2022-02,RGC,NA,EPG0,Natural Gas,PS0,Spot Price,RNGWHHD,Henry Hub Natural Gas Spot Price (Dollars per Million Btu),4.69,$/MMBTU
2022-01,RGC,NA,EPG0,Natural Gas,PS0,Spot Price,RNGWHHD,Henry Hub Natural Gas Spot Price (Dollars per Million Btu),4.38,$/MMBTU
2021-12,RGC,NA,EPG0,Natural Gas,PS0,Spot Price,RNGWHHD,Henry Hub Natural Gas Spot Price (Dollars per Million Btu),3.76,$/MMBTU
2021-11,RGC,NA,EPG0,Natural Gas,PS0,Spot Price,RNGWHHD,Henry Hub Natural Gas Spot Price (Dollars per Million Btu),5.05,$/MMBTU
2021-10,RGC,NA,EPG0,Natural Gas,PS0,Spot Price,RNGWHHD,Henry Hub Natural Gas Spot Price (Dollars per Million Btu),5.51,$/MMBTU
2021-09,RGC,NA,EPG0,Natural Gas,PS0,Spot Price,RNGWHHD,Henry Hub Natural Gas Spot Price (Dollars per Million Btu),5.16,$/MMBTU
2021-08,RGC,NA,EPG0,Natural Gas,PS0,Spot Price,RNGWHHD,Henry Hub Natural Gas Spot Price (Dollars per Million Btu),4.07,$/MMBTU
2021-07,RGC,NA,EPG0,Natural Gas,PS0,Spot Price,RNGWHHD,Henry Hub Natural Gas Spot Price (Dollars per Million Btu),3.84,$/MMBTU
2021-06,RGC,NA,EPG0,Natural Gas,PS0,Spot Price,RNGWHHD,Henry Hub Natural Gas Spot Price (Dollars per Million Btu),3.26,$/MMBTU
2021-05,RGC,NA,EPG0,Natural Gas,PS0,Spot Price,RNGWHHD,Henry Hub Natural Gas Spot Price (Dollars per Million Btu),2.91,$/MMBTU
2021-04,RGC,NA,EPG0,Natural Gas,PS0,Spot Price,RNGWHHD,Henry Hub Natural Gas Spot Price (Dollars per Million Btu),2.66,$/MMBTU
2021-03,RGC,NA,EPG0,Natural Gas,PS0,Spot Price,RNGWHHD,Henry Hub Natural Gas Spot Price (Dollars per Million Btu),2.62,$/MMBTU
2021-02,RGC,NA,EPG0,Natural Gas,PS0,Spot Price,RNGWHHD,Henry Hub Natural Gas Spot Price (Dollars per Million Btu),5.35,$/MMBTU
2021-01,RGC,NA,EPG0,Natural Gas,PS0,Spot Price,RNGWHHD,Henry Hub Natural Gas Spot Price (Dollars per Million Btu),2.71,$/MMBTU
2020-12,RGC,NA,EPG0,Natural Gas,PS0,Spot Price,RNGWHHD,Henry Hub Natural Gas Spot Price (Dollars per Million Btu),2.58,$/MMBTU
2020-11,RGC,NA,EPG0,Natural Gas,PS0,Spot Price,RNGWHHD,Henry Hub Natural Gas Spot Price (Dollars per Million Btu),2.61,$/MMBTU
2020-10,RGC,NA,EPG0,Natural Gas,PS0,Spot Price,RNGWHHD,Henry Hub Natural Gas Spot Price (Dollars per Million Btu),2.39,$/MMBTU
2020-09,RGC,NA,EPG0,Natural Gas,PS0,Spot Price,RNGWHHD,Henry Hub Natural Gas Spot Price (Dollars per Million Btu),1.92,$/MMBTU
2020-08,RGC,NA,EPG0,Natural Gas,PS0,Spot Price,RNGWHHD,Henry Hub Natural Gas Spot Price (Dollars per Million Btu),2.3,$/MMBTU
2020-07,RGC,NA,EPG0,Natural Gas,PS0,Spot Price,RNGWHHD,Henry Hub Natural Gas Spot Price (Dollars per Million Btu),1.76,$/MMBTU
2020-06,RGC,NA,EPG0,Natural Gas,PS0,Spot Price,RNGWHHD,Henry Hub Natural Gas Spot Price (Dollars per Million Btu),1.63,$/MMBTU
2020-05,RGC,NA,EPG0,Natural Gas,PS0,Spot Price,RNGWHHD,Henry Hub Natural Gas Spot Price (Dollars per Million Btu),1.75,$/MMBTU
2020-04,RGC,NA,EPG0,Natural Gas,PS0,Spot Price,RNGWHHD,Henry Hub Natural Gas Spot Price (Dollars per Million Btu),1.74,$/MMBTU
2020-03,RGC,NA,EPG0,Natural Gas,PS0,Spot Price,RNGWHHD,Henry Hub Natural Gas Spot Price (Dollars per Million Btu),1.79,$/MMBTU
2020-02,RGC,NA,EPG0,Natural Gas,PS0,Spot Price,RNGWHHD,Henry Hub Natural Gas Spot Price (Dollars per Million Btu),1.91,$/MMBTU
2020-01,RGC,NA,EPG0,Natural Gas,PS0,Spot Price,RNGWHHD,Henry Hub Natural Gas Spot Price (Dollars per Million Btu),2.02,$/MMBTU
2019-12,RGC,NA,EPG0,Natural Gas,PS0,Spot Price,RNGWHHD,Henry Hub Natural Gas Spot Price (Dollars per Million Btu),2.22,$/MMBTU
2019-11,RGC,NA,EPG0,Natural Gas,PS0,Spot Price,RNGWHHD,Henry Hub Natural Gas Spot Price (Dollars per Million Btu),2.65,$/MMBTU
2019-10,RGC,NA,EPG0,Natural Gas,PS0,Spot Price,RNGWHHD,Henry Hub Natural Gas Spot Price (Dollars per Million Btu),2.33,$/MMBTU
2019-09,RGC,NA,EPG0,Natural Gas,PS0,Spot Price,RNGWHHD,Henry Hub Natural Gas Spot Price (Dollars per Million Btu),2.56,$/MMBTU
2019-08,RGC,NA,EPG0,Natural Gas,PS0,Spot Price,RNGWHHD,Henry Hub Natural Gas Spot Price (Dollars per Million Btu),2.22,$/MMBTU
2019-07,RGC,NA,EPG0,Natural Gas,PS0,Spot Price,RNGWHHD,Henry Hub Natural Gas Spot Price (Dollars per Million Btu),2.37,$/MMBTU
2019-06,RGC,NA,EPG0,Natural Gas,PS0,Spot Price,RNGWHHD,Henry Hub Natural Gas Spot Price (Dollars per Million Btu),2.4,$/MMBTU
2019-05,RGC,NA,EPG0,Natural Gas,PS0,Spot Price,RNGWHHD,Henry Hub Natural Gas Spot Price (Dollars per Million Btu),2.64,$/MMBTU
2019-04,RGC,NA,EPG0,Natural Gas,PS0,Spot Price,RNGWHHD,Henry Hub Natural Gas Spot Price (Dollars per Million Btu),2.65,$/MMBTU
2019-03,RGC,NA,EPG0,Natural Gas,PS0,Spot Price,RNGWHHD,Henry Hub Natural Gas Spot Price (Dollars per Million Btu),2.95,$/MMBTU
2019-02,RGC,NA,EPG0,Natural Gas,PS0,Spot Price,RNGWHHD,Henry Hub Natural Gas Spot Price (Dollars per Million Btu),2.69,$/MMBTU
2019-01,RGC,NA,EPG0,Natural Gas,PS0,Spot Price,RNGWHHD,Henry Hub Natural Gas Spot Price (Dollars per Million Btu),3.11,$/MMBTU
